-- phpMyAdmin SQL Dump
-- version 5.0.2
-- https://www.phpmyadmin.net/
--
-- Hôte : 127.0.0.1:3306
-- Généré le : mar. 28 juin 2022 à 15:32
-- Version du serveur :  5.7.31
-- Version de PHP : 7.4.9

SET SQL_MODE = "NO_AUTO_VALUE_ON_ZERO";
START TRANSACTION;
SET time_zone = "+00:00";


/*!40101 SET @OLD_CHARACTER_SET_CLIENT=@@CHARACTER_SET_CLIENT */;
/*!40101 SET @OLD_CHARACTER_SET_RESULTS=@@CHARACTER_SET_RESULTS */;
/*!40101 SET @OLD_COLLATION_CONNECTION=@@COLLATION_CONNECTION */;
/*!40101 SET NAMES utf8mb4 */;

--
-- Base de données : `agencevoyage`
--

-- --------------------------------------------------------

--
-- Structure de la table `administrateur`
--

DROP TABLE IF EXISTS `administrateur`;
CREATE TABLE IF NOT EXISTS `administrateur` (
  `id_admin` int(11) NOT NULL AUTO_INCREMENT,
  `nom_admin` varchar(50) NOT NULL,
  `prenom_admin` varchar(50) NOT NULL,
  `tel_admin` varchar(25) NOT NULL,
  `email_admin` varchar(50) NOT NULL,
  PRIMARY KEY (`id_admin`)
) ENGINE=InnoDB AUTO_INCREMENT=6 DEFAULT CHARSET=utf8;

--
-- Déchargement des données de la table `administrateur`
--

INSERT INTO `administrateur` (`id_admin`, `nom_admin`, `prenom_admin`, `tel_admin`, `email_admin`) VALUES
(1, 'Doe', 'Jhon', '', 'jhon456@gmail.com'),
(5, 'Richard', 'Leo', '', 'richardTest@gmail.com');

-- --------------------------------------------------------

--
-- Structure de la table `avis`
--

DROP TABLE IF EXISTS `avis`;
CREATE TABLE IF NOT EXISTS `avis` (
  `id_avis` int(11) NOT NULL AUTO_INCREMENT,
  `evaluation` varchar(20) NOT NULL,
  `note` int(11) NOT NULL,
  `commentaire` varchar(1000) NOT NULL,
  `date_publication` date NOT NULL,
  `id_cli` int(11) NOT NULL,
  `id_hotel` int(11) NOT NULL,
  PRIMARY KEY (`id_avis`),
  KEY `id_cli` (`id_cli`),
  KEY `id_hotel` (`id_hotel`)
) ENGINE=InnoDB AUTO_INCREMENT=28 DEFAULT CHARSET=utf8;

--
-- Déchargement des données de la table `avis`
--

INSERT INTO `avis` (`id_avis`, `evaluation`, `note`, `commentaire`, `date_publication`, `id_cli`, `id_hotel`) VALUES
(4, 'Bonne', 7, 'Lorem ipsum dolor sit amet consectetur adipisicing elit. Recusandae maiores dignissimos voluptates illo unde! Iste molestiae explicabo sint sed ratione veniam commodi fuga molestias nulla, accusantium, qui iusto adipisci maiores?\r\nOptio vel, quaerat cupiditate ea debitis ad mollitia ipsam quidem dolor qui consectetur assumenda porro quod neque impedit laudantium magni, dolorem deserunt ratione dolore, accusamus placeat sint. Nisi, esse enim.\r\nIpsum laborum id quo harum ut illum ab repellat repellendus ipsam voluptatum enim, quam fugit rem dolore quidem deleniti libero fuga veritatis modi perspiciatis aliquam dolores, commodi labore? Voluptate, labore?\r\nFacilis exercitationem officia placeat debitis. Aliquid mollitia voluptatibus rerum, culpa hic in odit explicabo dolore recusandae, officiis maxime laborum tempore qui. Magnam vero minus itaque labore exercitationem possimus, at illo.\r\nPorro modi deserunt explicabo natus vero reprehenderit recusandae, voluptatum illo blanditiis amet nihi', '2022-06-04', 2, 36),
(5, 'Bonne', 8, 'Lorem ipsum dolor sit amet, consectetur adipisicing elit. Accusantium omnis architecto itaque in officiis tempore consequatur. Nobis adipisci quidem vitae voluptatibus assumenda autem molestiae veniam nulla magnam quibusdam? Ducimus vel mollitia, ut, itaque a natus possimus dignissimos maiores inventore consequatur laudantium. Rerum earum atque nam ullam adipisci? Voluptas, eligendi beatae.', '2022-06-05', 34, 43),
(6, 'Excellente', 9, 'J\'ai passe un bon sejour !!', '2022-06-07', 34, 36),
(10, 'Bonne', 7, 'WOW!!!', '2022-06-09', 2, 53),
(11, 'Moyenne', 5, 'c\'etait moyen!', '2022-06-09', 2, 37),
(25, 'Excellente', 9, 'j\'ai passe un bon moment', '2022-06-12', 2, 23),
(26, 'Excellente', 9, 'Bonjour, hotel 5 etoiles, bon accueil et bon traitement. Les ouvriers sont respectueux, les chambres sont tres luxueuses et confortables. Merci a tout le personnel pour le bon travail!', '2022-06-26', 2, 29),
(27, 'Excellente', 10, 'J ai ete tres satisfait au restaurant italien de l\'hotel Sheraton Annaba. Des plats delicieux. Un service impeccable.\r\nJe remercie vivement le serveur aymen un vrai professionnel qui connaissait tout le menu et apportes les bonnes reponses a mes questions ..vraiment bravo pour ce professionnalisme', '2022-06-26', 51, 29);

-- --------------------------------------------------------

--
-- Structure de la table `client`
--

DROP TABLE IF EXISTS `client`;
CREATE TABLE IF NOT EXISTS `client` (
  `id_cli` int(11) NOT NULL AUTO_INCREMENT,
  `civilite` set('Mr','Mme','Mlle') NOT NULL,
  `nom_cli` varchar(50) NOT NULL,
  `prenom_cli` varchar(50) NOT NULL,
  `tel_cli` varchar(25) NOT NULL,
  `email_cli` varchar(50) NOT NULL,
  PRIMARY KEY (`id_cli`)
) ENGINE=InnoDB AUTO_INCREMENT=59 DEFAULT CHARSET=utf8;

--
-- Déchargement des données de la table `client`
--

INSERT INTO `client` (`id_cli`, `civilite`, `nom_cli`, `prenom_cli`, `tel_cli`, `email_cli`) VALUES
(2, 'Mr', 'boumaza', 'kaci', '0555555', 'kaci@gmail.com'),
(34, 'Mr', 'gacem', 'alim', '', 'alim@gmail.com'),
(37, 'Mr', 'Bousaid', 'sami', '', 'sami@gmail.com'),
(38, 'Mr', 'Benzaid', 'Hakim', '', 'hakim@gmail.com'),
(51, 'Mme', 'Benmbarek', 'Farida', '', 'farida@gmail.com'),
(52, 'Mr', 'Benzaid', 'Halim', '', 'halim@gmail.com'),
(53, 'Mr', 'Khoubai', 'amine', '', 'amine@gmail.com'),
(54, 'Mr', 'Abdelkader', 'Karim', '', 'karim@gmail.com'),
(55, 'Mlle', 'Benmbarek', 'Nabila', '', 'nabila@gmail.com'),
(57, 'Mr', 'Bourouba', 'Houcine', '', 'houcine@gmail.com'),
(58, 'Mr', 'Abdelkadi', 'rahim', '', 'rahim589@gmail.com');

-- --------------------------------------------------------

--
-- Structure de la table `compte`
--

DROP TABLE IF EXISTS `compte`;
CREATE TABLE IF NOT EXISTS `compte` (
  `login` varchar(50) NOT NULL,
  `mot_de_passe` varchar(50) NOT NULL,
  `id_cli` int(11) DEFAULT NULL,
  `id_admin` int(11) DEFAULT NULL,
  `GroupID` set('0','1') NOT NULL,
  PRIMARY KEY (`login`),
  KEY `id_cli` (`id_cli`),
  KEY `id_admin` (`id_admin`)
) ENGINE=InnoDB DEFAULT CHARSET=utf8;

--
-- Déchargement des données de la table `compte`
--

INSERT INTO `compte` (`login`, `mot_de_passe`, `id_cli`, `id_admin`, `GroupID`) VALUES
('Admin2', '7c4a8d09ca3762af61e59520943dc26494f8941b', NULL, 5, '1'),
('jhon', '7c4a8d09ca3762af61e59520943dc26494f8941b', NULL, 1, '1'),
('rahimoo', '7c4a8d09ca3762af61e59520943dc26494f8941b', 58, NULL, '0'),
('dziri16', '7c4a8d09ca3762af61e59520943dc26494f8941b', 34, NULL, '0'),
('farida', '7c4a8d09ca3762af61e59520943dc26494f8941b', 51, NULL, '0'),
('kaciii', '7c4a8d09ca3762af61e59520943dc26494f8941b', 2, NULL, '0');

-- --------------------------------------------------------

--
-- Structure de la table `hotel`
--

DROP TABLE IF EXISTS `hotel`;
CREATE TABLE IF NOT EXISTS `hotel` (
  `id_hotel` int(11) NOT NULL AUTO_INCREMENT,
  `nom_hotel` varchar(100) NOT NULL,
  `adresse` varchar(255) NOT NULL,
  `description` varchar(2000) NOT NULL,
  `points_forts` varchar(1000) NOT NULL,
  `nbr_etoiles` int(11) NOT NULL,
  `tarif_unitaire` int(11) NOT NULL,
  `pays` varchar(50) NOT NULL,
  `ville` varchar(50) NOT NULL,
  `image1` varchar(50) NOT NULL,
  `image2` varchar(50) NOT NULL,
  `image3` varchar(50) NOT NULL,
  PRIMARY KEY (`id_hotel`)
) ENGINE=InnoDB AUTO_INCREMENT=62 DEFAULT CHARSET=utf8;

--
-- Déchargement des données de la table `hotel`
--

INSERT INTO `hotel` (`id_hotel`, `nom_hotel`, `adresse`, `description`, `points_forts`, `nbr_etoiles`, `tarif_unitaire`, `pays`, `ville`, `image1`, `image2`, `image3`) VALUES
(2, 'Lamaraz arts hotel', '01 Avenue Rabia Mohamed, Alger 16050 Algerie', 'Situe au cœur de la ville et a quelques minutes du palais des expositions avec une vue imprenable sur la baie d’Alger, lamaraz arts hotel est dote de 70 chambres ainsi qu’un restaurant panoramique la baie, un lounge fusion, une salle des banquets 3 salles de reunions.', 'Parking gratuit\r\nNavette aeroport\r\nCentre de remise en forme/Salle de sport\r\nJacuzzi\r\nBalcon prive\r\nKitchenette\r\nVue sur la ville', 4, 16537, 'Algerie', 'Alger', '8293658698684_lamaraz1.jpg', '1182343550576_lamaraz2.jpg', '8133498570585_lamaraz3.jpg'),
(20, 'Hotel le majestic', '1954 11 Boulevard Du 1er Novembre, Annaba 23000 Algerie', 'Bienvenue a l\'Hotel Le Majestic, votre second chez vous a Annaba. L\'Hotel Le Majestic met tout en œuvre pour rendre votre sejour aussi agreable et relaxant que possible. C\'est la raison pour laquelle autant de clients reviennent chaque annee.\r\nSitue a proximite de Basilique Saint Augustin (3,0 km), un des monuments les plus celebres a Annaba, l\'Hotel Le Majestic est une destination ideale pour les touristes.\r\nL\'hotel propose de nombreux services, dont un service de chambre et une conciergerie. De plus, vous pouvez beneficier d\'un petit dejeuner inclus au cours de votre sejour. Pour plus de commodite, un parking gratuit est mis a votre disposition sur place.\r\nEnvie de deguster des restaurants de poissons et fruits de mer? Allez dans un des restaurants alentours tels que La Renaissance.\r\nL\'Hotel Le Majestic vous offre le meilleur de Annaba a votre portee, pour un sejour parfait en tous points.', 'Location de voitures\r\nSalles de conference\r\nSalle de reception\r\nStockage des bagages\r\nConcierge\r\nParking gratuit', 3, 11338, 'Algerie', 'Annaba', '8149905436433_hotel-le-majestic1.jpg', '2907947392990_hotel-le-majestic2.jpg', '748438140812_hotel-le-majestic3.jpg'),
(21, 'Hotel belle vue', 'Oued Righa, Fil Fila Les Platanes, Filfila 21000 Algerie', 'Un restaurant, un service d\'etage 24 heures sur 24 et un service de nettoyage a sec / blanchisserie sont disponibles dans cet hotel. Le petitdejeuner continental gratuit, le WiFi gratuit dans les parties communes et le parking sans voiturier gratuit sont egalement fournis. Une reception ouverte 24 heures sur 24, un personnel polyglotte et un coffrefort a la reception sont egalement disponibles sur place. L\'ensemble des 46 chambres offrent l\'acces WiFi a Internet gratuit, un service d\'etage 24 heures sur 24 ainsi que des televisions a ecran plat avec chaines par cable. Des douches et des articles de toilette gratuits sont egalement mis a la disposition des clients.', 'Parking sans voiturier gratuit sur place\r\nService en chambre 24 heures sur 24\r\nService de nettoyage a sec\r\nCoffrefort a la reception\r\nActivites pour les enfants (Enfants/Pour les familles)', 4, 19431, 'Algerie', 'Skikda', '1008636549555_belle-vue1.jpg', '6299159248734_belle-vue2.jpg', '9986223709714_belle-vue3.jpg'),
(22, 'Hotel park mall', 'Avenue De L\'aln, Setif 19000 Algerie', 'Nous avons ce qui compte le plus pour vous, y compris des lits confortables, un petitdejeuner exquis et un cafe frais. Vous trouverez egalement dans votre chambre, un acces Internet gratuit, de l\'eau en bouteille gratuite et bien d\'autres avantages. Visite d\'affaires ou de loisirs, vous passerez un sejour parfait.', 'Aire de jeux pour les enfants\r\nChaines de television pour enfants\r\nCentre d\'affaires avec acces Internet\r\nPiscine avec vue\r\nSalle a manger exterieure\r\nSalles de conference\r\nService de blanchisserie\r\nService de repassage', 4, 17564, 'Algerie', 'Setif', '4137136240893_park-mall-hotel1.jpg', '1820963244150_park-mall-hotel2.jpg', '7855796142822_park-mall-hotel3.jpg'),
(23, 'Hotel frantz fanon', 'Angle des rues Frantz Fanon et Fida, Setif 19000 Algerie', 'Si vous recherchez une chambre d\'hotes a Setif, alors l\'Hotel Frantz Fanon est le choix ideal.\r\nLa chambre d\'hotes dispose d\'un service de chambre pour rendre votre sejour encore plus plaisant. L\'etablissement propose egalement un petit dejeuner inclus. Le parking gratuit est mis a la disposition des client vehicules.\r\nPonctuez votre sejour a Setif d\'une degustation de restaurants italiens local dans l\'un des restaurants alentours, comme PIZZA PINO SETIF.\r\nDurant votre visite de la ville, ne manquez surtout pas les attractions populaires comme Ain El Fouara (0,4 km) et Setif Museum (0,6 km), qui sont toutes situees a quelques minutes de marche de la chambre d\'hotes.\r\nLe personnel de l\'Hotel Frantz Fanon se fera un plaisir de vous servir lors de votre visite.', 'Parking gratuit\r\nInternet haut debit gratuit (WiFi)\r\nPetitdejeuner inclus\r\nRestaurant\r\nService en chambre', 3, 5960, 'Algerie', 'Setif', '3254496404228_hotel-frantz1.jpg', '6287923651482_hotel-frantz2.jpg', '3589471043263_hotel-frantz3.jpg'),
(24, 'Hotel cristal', 'Amriw route de sidi Ahmed, Bejaia 06000 Algerie', 'Cet hotel contemporain beneficie d\'un emplacement privilegie a Bejaia. hotel est situe a proximite des attractions que la region a a offrir, ce qui en fait un excellent choix pour les voyageurs d\'affaires et les vacanciers. Les clients se trouveront a proximite d\'un certain nombre de commerces et de restaurants a proximite. Ce charmant hotel beneficie d\'un style architectural saisissant, tentant les clients avec la promesse d\'un sejour relaxant. Les options d\'hebergement sont amenagees avec gout, avec des tons neutres et discrets pour une ambiance relaxante. Les chambres sont equipees d\'equipements modernes, offrant le cadre ideal pour travailler et se reposer confortablement. Les clients sont assures de passer un sejour relaxant dans cet hotel.', 'Internet gratuit\r\nRestaurant\r\nActivites pour les enfants (Enfants/Pour les familles)\r\nService de blanchisserie\r\nClimatisation', 3, 8142, 'Algerie', 'Bejaia', '5150244817033_le-cristal-hotel1.jpg', '9057225906880_le-cristal-hotel2.jpg', '4006010523132_le-cristal-hotel3.jpg'),
(25, 'Four points by sheraton oran', 'Boulevard du 19 Mars, Route des Falaises Route Des Falaises, Oran 31000 Algerie', 'Si vous recherchez un hotel familial a Oran, alors le Four Points by Sheraton Oran est le choix ideal.\r\nTout pres de monuments populaires comme La Gare d\'Oran (3,3 km) et Petit Lac Mosque (3,7 km), le Four Points by Sheraton Oran est le point depart parfait pour partir a la decouverte de Oran.\r\nLe Four Points by Sheraton Oran vous propose une foule de commodites, dont une television a ecran plat, une climatisation et un minibar. Il est egalement possible de rester connecte via un wifi gratuit.\r\nL\'hotel dispose d\'un service de chambre pour rendre votre sejour encore plus plaisant. L\'etablissement propose egalement une piscine et un petit dejeuner. Le parking gratuit est mis a la disposition des client vehicules.\r\nProfitezen pour faire un saut dans un des restaurants mediterraneens comme Ambiance La Villa, Bekhchi \' S et Le Mediterraneen, tous non loin du Four Points by Sheraton Oran.\r\nSi vous souhaitez explorer Oran, passez une soiree dans un des celebres sites historiques de la ville, comme Fort Santa Cruz, Qasr elBey et Chateau Neuf.\r\nLe personnel du Four Points by Sheraton Oran se fera un plaisir de vous servir lors de votre visite.', 'Centre de remise en forme/Salle de sport\r\nPetitdejeuner inclus\r\nCourt de tennis\r\nNavettes aeroport gratuites\r\nCentre d\'affaires avec acces Internet\r\nVue sur l\'ocean\r\nSauna\r\nService d\'autobus\r\nJacuzzi\r\nInternet haut debit gratuit (WiFi)', 4, 20920, 'Algerie', 'Oran', '9757201611081_Four-points1.jpg', '5719280713777_Four-points2.jpg', '9492168851698_Four-points3.jpg'),
(26, 'Hotel les ambassadeurs', '15 Bd De L\'Independence Angle Bd I\'Industrie, Oran 31000 Algerie', 'Situe a moins de 17 minutes a pied de la place du Novembre et du port d\'Oran, l\'Hotel les Ambassadeurs propose des chambres avec connexion WiFi gratuite. Chaque hebergement de cet hotel 3 etoiles offre une vue sur le jardin. Vous pourrez profiter d\'un acces a un jardin et a un restaurant sur place. L\'hotel dispose d\'un coin salon, d\'une television par satellite a ecran plat, d\'une kitchenette, d\'un coin repas et d\'une salle de bains privative avec articles de toilette gratuits et baignoire. Un petitdejeuner buffet est servi chaque matin sur place. L\'hebergement dispose d\'une reception ouverte 24h/24 et d\'une bagagerie. La forteresse d\'Oran Santa Cruz se trouve a 1,8 km de l\'Hotel les Ambassadeurs.', 'Bureau\r\nService de menage\r\nMinibar\r\nRefrigerateur\r\nBaignoire/douche\r\nService de reveil/reveilmatin\r\nSalles de reunion\r\nReception 24 heures sur 24\r\nActivites pour les enfants (Enfants/Pour les familles)', 3, 9327, 'Algerie', 'Oran', '4923205678786_hotel-les-ambassadeurs1.jpg', '3746830500686_hotel-les-ambassadeurs2.jpg', '7904677312952_hotel-les-ambassadeurs3.jpg'),
(27, 'Az hotel le zephyr', 'ZET Sablettes Section 04 Propriete, Mazagran 27000 Algerie', 'Situe dans la ville de Mazagran (algerie), a quelques metres de la mer, votre nouvel hotel de Mostaganem, Az hotel Zephyr, est conçu pour repondre au mieux a vos besoins et vos attentes. Nous mettons tout en œuvre pour faire de votre sejour un moment inoubliable, que vous soyez seuls, en couple ou en famille.', 'Piscine interieure\r\nSauna\r\nSalles de reunion\r\nSpa\r\nNettoyage a sec\r\nInternet haut debit gratuit (WiFi)\r\nCentre de remise en forme/Salle de sport\r\nPlage', 3, 21139, 'Algerie', 'Mostaganem', '3773202987748_AZ-hotels-zephyr1.jpg', '8113689791467_AZ-hotels-zephyr2.jpg', '5592818209075_AZ-hotels-zephyr3.jpg'),
(28, 'Hotel liberte', 'Zone des Sieges USTO, Oran 31000 Algerie', 'Liberte hotel est situe dans la zone des sieges des plus grandes societes nationales et internationales installees a Oran en Algerie. Nous disposons de 107 chambres dont 19 suites reparties sur 10 etages.', 'Chambres familiales/Suites\r\nClimatisation\r\nService en chambre\r\nMinibar\r\nTelevision a ecran plat\r\nParking gratuit\r\nInternet haut debit gratuit (WiFi)\r\nPiscine\r\nCentre de remise en forme/Salle de sport', 4, 12591, 'Algerie', 'Oran', '8276051908138_hotel-liberté1.jpg', '2038336271239_hotel-liberté2.jpg', '8888963771672_hotel-liberté3.jpg'),
(29, 'Sheraton annaba hotel', 'Boulevard Victor Hugo, Annaba 23000 Algerie', 'Profitez d\'une vue panoramique sur le paysage pittoresque d\'Annaba depuis le confort de notre hotel moderne et elegant de 19 etages. Restez en forme dans notre centre de fitness dernier cri, ressourcezvous dans notre piscine exterieure, ou travaillez intelligemment avec WiFi et des espaces de reunion flexibles et dynamiques.', 'Bureau\r\nService en chambre\r\nCoffrefort\r\nMinibar\r\nTelevision a ecran plat\r\nDouche a l\'italienne / Baignoire/douche\r\nPenderie/armoire\r\nCentre de remise en forme/Salle de sport\r\nNavette aeroport\r\nCentre d\'affaires avec acces Internet\r\nSalles de conference\r\nPiscine exterieure\r\nService d\'autobus\r\nSalles de reunion', 5, 21770, 'Algerie', 'Annaba', '6002675489973_SheratonAnnaba1.jpg', '2393103100533_SheratonAnnaba2.jpg', '3574932905064_SheratonAnnaba3.jpg'),
(30, 'Ajiad hotel', 'Cite 05 Juillet Route El Wiam, Djelfa 17000 Algerie', 'Un beau hotel situe au centre ville de pres des restaurants, des cafeterias, des magasins, du transport public. Les chambres single sont bien equipees, TV plasma, climatiseur, petit refrigerateur, radiateur, tables de nuit, descend de lit, une table avec deux chaises, coiffeuse, placard murale, un petit lit pour bebe ou petit enfant, une salle de bain, la chambre est spacieuse pour une chambre single, la proprete, un grand lit confortable, un tres bon accueil, le personnel serviable et a l\'ecoute de ses clients, connexion WiFi avec un bon debit, parking garde, un petit dejeuner inclus.', 'Climatisation\r\nTV plasma\r\nParking gratuit\r\nRefrigerateur\r\nWIFI', 0, 5500, 'Algerie', 'Djelfa', '9151625203908_Ajiad1.jpg', '9953740451414_Ajiad2.jpg', '9506003556343_Ajiad3.jpg'),
(31, 'Mraguen hotel', 'Residence Mraguen BP 01 311, Adrar Algerie', 'Un Havre de paix au milieu d’une palmeraie, un coin paradisiaque au milieu du desert Algerien . Securite, confort, staff aux petits soins tout y est !! Piscine, palmiers et des paons qui se baladent dans la nature. Tranquillite, et une deconnexion complete grace aux merveilleux paysages. \r\nPour aller a l\'aeroport, n’hesitez pas a demander notre service navette.', 'Restaurant\r\nNavette aeroport\r\nPiscine\r\nPalmiers', 0, 9196, 'Algerie', 'Adrar', '8574469391414_mraguen-hotel1.jpg', '3946157896788_mraguen-hotel2.jpg', '4286879264884_mraguen-hotel3.jpg'),
(32, 'Hotel vescera', 'Rue Amir Abdelkader, Biskra 07000 Algerie', 'Hotel Vescera Sud Biskra Algerie Chambres singles, doubles, triples, Suites singles et doubles plus appartement, Parking, Restaurant, Ascenseur, Salle de conferences. Hotel situe en plein centre ville de Biskra, completement renove, equipement de luxe des chambres et des suites, Climatisation centralisee et personnalisee, Wifi haut debit, salles de bain dans toutes les chambres et suite.', 'Parking gratuit\r\nInternet haut debit gratuit (WiFi)\r\nPetitdejeuner inclus\r\nRestaurant\r\nService en chambre\r\nSuites', 0, 7000, 'Algerie', 'Biskra', '6918832058012_Vescera1.jpg', '8390226625655_Vescera2.jpg', '3925264921482_Vescera3.jpg'),
(33, 'Renaissance tlemcen hotel', 'Plateau Lalla Setti Plateau Lalla Setti, Tlemcen 13000 Algerie', 'Vous cherchez un hotel romantique a Tlemcen ? Bienvenue au Renaissance Tlemcen Hotel, un etablissement de choix pour les voyageurs comme vous.\r\nLe Renaissance Tlemcen Hotel dispose d\'une conciergerie et d\'un service de chambre. Par ailleurs, en tant que client, vous êtes invite a profiter de la piscine et du petit dejeuner inclus offert par le Renaissance Tlemcen Hotel. Sur place, parking gratuit est mis a la disposition des clients vehicules.\r\nEnvie de deguster des restaurants français ? Allez dans un des restaurants alentours tels qu\'Agadir Restaurant.\r\nSi vous souhaitez explorer Tlemcen, passez une soiree dans un des celebres sites historiques de la ville, comme Mosquee Sidi Boumediene et El Mansourah.\r\nLe Renaissance Tlemcen Hotel est impatient de vous accueillir a l\'occasion de votre voyage a Tlemcen.', 'Parking gratuit\r\nWiFi\r\nJacuzzi\r\nPiscine exterieure\r\nVestiaires du spa/centre de remise en forme\r\nSauna\r\nCentre de remise en forme/Salle de sport\r\nCourt de tennis\r\nActivites pour les enfants (Enfants/Pour les familles)\r\nNavette aeroport', 3, 16900, 'Algerie', 'Tlemcen', '1039013388259_Renaissance1.jpg', '2336298193261_Renaissance2.jpg', '1621003238950_Renaissance3.jpg'),
(34, 'Hotel khodja tamanrasset', 'Rue Djilali Bounaama, Tamanrasset 11000 Algerie', 'Hotel tres charmant, calme, bien situe, avec une decoration typique de la region, personnel tres accueillant. La proprete des lieux, le confort de la literie et enfin le jardin joliment garni, autant de bons souvenirs pour vous inciter a revenir.', 'Parking gratuit\r\nInternet haut debit gratuit (WiFi)\r\nNavette aeroport\r\nService en chambre', 0, 7500, 'Algerie', 'Tamanrasset', '4926152646720_Khodja1.jpg', '9544723202948_Khodja2.jpg', '6538651257508_Khodja3.jpg'),
(35, 'Constantine marriott hotel', 'Oued Rhumel Street Cites des Arcades Romaines, Constantine 25000 Algerie', 'Vous etes a la recherche d\'un cadre de luxe et d\'une gamme de services concus pour sublimer votre sejour a Constantine ? Alors le Constantine Marriott Hotel vous apportera entiere satisfaction.\r\nSitue a quelques pas des monuments les plus populaires de Constantine, comme Mosquee Souq El Ghezal (2,2 km) et Theatre Regional de Constantine (2,2 km), le Constantine Marriott Hotel est une destination de choix pour les touristes.\r\nLe Constantine Marriott Hotel est un hotel de luxe proposant des chambres equipees d\'un minibar, d\'un refrigerateur et d\'une climatisation. Vous pouvez egalement compter sur un wifi gratuit pour rester connecte tout au long de votre sejour.\r\nL\'hotel dispose d\'une reception ouverte 24 heures sur 24, d\'une conciergerie et d\'un service de chambre. La piscine et le petit dejeuner ne sont pas etrangers a sa grande popularite aupres des voyageurs visitant Constantine. Pour les clients vehicules, un parking gratuit est disponible.\r\nVous etes amateur des restaurants mediterraneens ? Constantine et ses restaurants populaires comme Jannah Restaurant, Qasar Restaurant ou Igherssan Restaurant, sauront ravir vos papilles. Et la bonne nouvelle, c\'est qu\'ils sont tous situes a proximite du Constantine Marriott Hotel.\r\nSi vous souhaitez explorer Constantine, faites une visite a Emir Abdelkader Mosquee, qui est situe non loin du Constantine Marriott Hotel.\r\nProfitez bien de votre sejour a Constantine !', 'Jacuzzi\r\nPiscine interieure\r\nPiscine exterieure\r\nPiscine chauffee\r\nVestiaires du spa/centre de remise en forme\r\nSauna\r\nMassage\r\nService d\'autobus\r\nSalles de conference\r\nChange des devises\r\nNettoyage a sec\r\nService de repassage', 5, 19718, 'Algerie', 'Constantine', '5863167056098_Mariott1.jpg', '6466018643783_Mariott2.jpg', '8088705921530_Mariott3.jpg'),
(36, 'Sol azur beach hotel', 'Avenue Assad Ibn El Fourat Bp 13, Hammamet 8050 Tunisie', 'Bienvenue au Sol Azur Beach Hotel, votre second chez vous a Hammamet. Le Sol Azur Beach Hotel met tout en œuvre pour rendre votre sejour aussi agreable et relaxant que possible. C\'est la raison pour laquelle autant de clients reviennent chaque annee.\r\nAgrementez votre sejour au Sol Azur Beach Hotel d\'une visite George Sebastian Villa (3,5 km), une des meilleures attractions de Hammamet.\r\nLe Sol Azur Hammamet dispose d\'un service de chambre, pour rendre votre sejour plus agreable. L\'etablissement possede egalement piscine et petit dejeuner inclus. Si vous vous rendez au Sol Azur Beach en vehicule, n\'hesitez pas a utiliser le parking gratuit.\r\nHammamet regorge de restaurants italiens. Profitezen pour pousser les portes de l\'un des restaurants populaires de la ville, comme Les 3 Carres, Da Franco ou Movida Club, tous connus pour la qualite de leurs plats.\r\nHammamet est egalement connu pour ses celebres ruines anciennes, dont Pupput Roman Site, qui sont tout pres de l\'Hotel Sol Azur.\r\nLe Sol Azur Beach Hotel vous offre le meilleur de Hammamet a votre portee, pour un sejour parfait en tous points.', 'Court de tennis\r\nDivertissements le soir\r\nKaraoke\r\nPingpong\r\nPlage\r\nJacuzzi\r\nCentre de remise en forme/Salle de sport\r\nTir a l\'arc\r\nAire de jeux interieure pour les enfants\r\nWiFi\r\nAnimaux domestiques autorises (Chien/Animaux de compagnie)\r\nSpa\r\nSoins du visage', 4, 9637, 'Tunisie', 'Hammamet', '7186047128540_sol-azur-beach1.jpg', '3107482039610_sol-azur-beach2.jpg', '7391845325151_sol-azur-beach3.jpg'),
(37, 'La badira', 'Rue Assad Ibn Fourat BP 437, Hammamet 8050 Tunisie', 'L\'hotel La Badira, membre des Leading Hotels of the World, recree l\'univers du voyage des annees 1930, lorsque le nom de Hammamet a commence a etre connu dans le monde et qu\'une large communaute etrangere, notamment artistique, s\'y est installee, sensible a la qualite rare de la lumiere de la ville, et a repense l\'architecture locale, la decoration et l\'artisanat. Situe dans un cadre unique, l\'hotel la Badira, revisite donc l\'esprit de cette epoque et propose des infrastructures d\'une qualite exceptionnelle : 130 suites de 45 a 160m2, une gastronomie locale innovante, le seul Spa by CLARINS du pays, ainsi que des services et excursions sur mesure. La Badira est un lieu qui a ete pense pour se vivre tout au long de l\'annee, aussi bien a l\'interieur qu\'a l\'exterieur : bibliotheque, cheminee, bar a cocktail, ecrins de verdure...\r\nLa Badira, c\'est aussi la volonte d\'etre au service et de proposer un accompagnement sur mesure, des premieres heures du matin a la tombee de la nuit.', 'Rideaux occultants\r\nChambres insonorisees\r\nClimatisation\r\nPlage privee\r\nBureau\r\nCafetiere/theiere\r\nTV par cable/satellite\r\nBaignoire/douche\r\nLocation d\'equipements de sport nautique\r\nPiscine avec vue\r\nSpa\r\nLocation de voitures', 5, 37200, 'Tunisie', 'Hammamet', '2132920791063_La badira1.jpg', '7762178838608_La badira2.jpg', '1079024483765_La badira3.jpg'),
(38, 'Marhaba royal salem', 'Boulevard 14 Janvier, Sousse 4039 Tunisie', 'Marhaba Royal Salem 4 est un veritable coin de paradis, situe a 3 km du centreville de Sousse et a 5 km du parc aquatique Aqua Palace Port El Kantaoui. L’emplacement ideal au milieu d’un paysage idyllique de 7 hectares de palmiers et de foret d’eucalyptus, fait du Royal Salem 4 un complexe merveilleux pour les familles. Les chambres avec ameublement moderne sont orientees vers la mer, le jardin ou la piscine et sont toutes dotees de climatisation/chauffage central, mini bar (remplissage en extra sur demande). L’ambiance decontractee est completee par les 2 piscines exterieures dont 1 avec des toboggans, 1 piscine interieure, un Club pour les enfants, un coquet espace SPA et Fitness et une magnifique plage privee loin des yeux curieux. Durant la journee vous pouvez profiter des activites entrainantes et le soir des shows divertissants. La variete est egalement presente au niveau des restaurants et bars avec 1 restaurant principal, 1 Bar central, 1 Snack Bar, 1 pool Bar, 1 Aqua Park Bar, 1 Lounge Bar et 1 Cafe maure. Pour vos reunions congres et seminaires, Marhaba Royal Salem 4 dispose d’une salle entierement equipees avec une capacite de 200 personnes.', 'Vue sur la ville\r\nVue sur la piscine\r\nChambres familiales\r\nClimatisation\r\nPlage privee\r\nService de menage\r\nBalcon prive\r\nCoffrefort\r\nTV par cable/satellite\r\nBaignoire/douche\r\nCoin salon\r\nEquipements de chambre VIP', 4, 7507, 'Tunisie', 'Sousse', '7659977412492_marhaba-royal-salem1.jpg', '5037670841364_marhaba-royal-salem2.jpg', '5755793513233_marhaba-royal-salem3.jpg'),
(39, 'Riad les oliviers & spa', 'rue la bahia n 47  48 riad zitoun jdid, Marrakech 40008 Maroc', 'Riad des oliviers cet ancienne demeure d\'une des plus prestigieuses familles de Marrakech le Riad des oliviers. Avec une superficie de 1500 m2, est situe dans le celebre quatier du palais de la Bahia. Le Riad Les Oliviers est divise en deux parties : la Suite Royale, une grande et belle maison ancienne ayant appartenu a un notable de la Medina et qui a ete transformee en hotel de charme,Le riad des Oliviers a ete restaure avec soin, les chambres amenagees, meublees et decorees tout en respectant l\'authenticite et l\'originalite des lieux, plafond en bois de cedre d\'epoque. Pour les amateurs de farnientes et de soleil, possibilite de bain de soleil sur les terrasses, face aux cimes enneigees de l\'Atlas et aux milliers de palmiers de Marrakech.Le Riad Le Oliviers offre 17 chambres donnant sur le patio, 1 suite royale de 60m2 avec un grand salon prive, salle de bain, un salon marocain et un autre salon en tadallakt. Possibilite de prendre le petit dejeuner la ou desire le client.', 'Vue sur la montagne\r\nVue sur la ville\r\nBureau\r\nService de menage\r\nTV par cable/satellite\r\nLits extra longs\r\nDouche a l\'italienne\r\nCoffrefort\r\nCoin salon\r\nCanape\r\nVue sur un monument', 3, 8196, 'Maroc', 'Marrakech', '6112658222918_riad-les-oliviers1.jpg', '683031121547_riad-les-oliviers2.jpg', '9768490454568_riad-les-oliviers3.jpg'),
(40, 'Sol oasis marrakech', 'Douar Ben Rahmoun Prefecture Sidi Youssef Ben Ali, Marrakech 40000 Maroc', 'Hotel Sol Oasis Marrakech All Inclusive, situe au cœur d\'une palmeraie. Emplacement parfait pour visiter les environs de Marrakech et faire des excursions. Avec des vues spectaculaires sur les montagnes de l\'Atlas. Service de navette gratuit vers le centreville. Sol Room Chambre de 23m2 au style marocain. Lit queen ou kingsize, television par cable, salle de bain complete et toilettes supplementaires, coffrefort, serviettes et canape. Sol Family Room a 41m2. entierement equipee avec des touches modernes et de l\'artisanat local. (Les deux types de chambres peuvent avoir un balcon ou non). Il dispose d\'une piscine principale de 500m2, d\'une piscine exterieure chauffee, d\'une parc splash pour les enfants, d\'un terrain de sport et d\'une scene pour les spectacles, d\'un parking et d\'un GYM. Le regime tout compris beneficie d\'une riche offre gastronomique de cuisine locale et internationale. Un espace exclusif de hamacs ou vous pourrez vous detendre: Cafe Maure. Grande richesse culturelle et magnifiques couchers de soleil rougeatres.', 'Badminton\r\nCourt de tennis\r\nBabysitting\r\nWiFi\r\nPiscine exterieure\r\nSalle de yoga\r\nCours de remise en forme\r\nSalle a manger exterieure\r\nFlechettes\r\nDivertissements le soir\r\nAire de jeux pour les enfants\r\nParking', 4, 26700, 'Maroc', 'Marrakech', '6860113698231_sol-oasis-marrakech1.jpg', '3053137304996_sol-oasis-marrakech2.jpg', '1122864779445_sol-oasis-marrakech3.jpg'),
(41, 'Sierra sharm el sheikh', 'SOHO Square, White Knight Beach, Sharm El Sheikh 46628 Egypte', 'Excellent choix pour les voyageurs visitant Sharm El Sheikh, le Sierra Sharm El Sheikh offre un cadre romantique et de nombreux services concus pour sublimer votre sejour.\r\nLe Sierra Hotel Sharm El Sheikh est un complexe touristique (tout compris) romantique proposant des chambres equipees d\'une television a ecran plat, d\'une climatisation et d\'un minibar. Vous pouvez egalement compter sur un internet gratuit pour rester connecte tout au long de votre sejour.\r\nLe complexe touristique (tout compris) dispose d\'une conciergerie, d\'un service de chambre et d\'une terrasse sur le toit. La piscine et le petit dejeuner ne sont pas etrangers a sa grande popularite aupres des voyageurs visitant Sharm El Sheikh. Pour les clients vehicules, un parking gratuit est disponible.\r\nEnvie de deguster des restaurants mediterraneens? Allez dans un des restaurants alentours tels que Da Mauro Solo Pasta & Pizza, Luxor ou Fusion 21.\r\nSi vous avez le temps, King Tut Museum (9,6 km) est une attraction populaire situe a deux pas.\r\nProfitez bien de votre sejour a Sharm El Sheikh!', 'Court de tennis\r\nSejour gratuit pour les enfants\r\nService de voiturier\r\nWiFi\r\nJacuzzi\r\nAerobic\r\nDivertissements le soir\r\nPiscine\r\nBabysitting', 4, 18621, 'Egypte', 'Sharm el sheikh', '925570398440_sierra-sharm-el-sheikh1.jpg', '9893504328130_sierra-sharm-el-sheikh2.jpg', '6535047689844_sierra-sharm-el-sheikh3.jpg'),
(42, 'Hilton alexandria green plaza', '14th of May Bridge Road Smouha, Alexandrie 21599 Egypte', 'Si vous recherchez un hotel familial a Alexandrie, alors l\'Hilton Alexandria Green Plaza est le choix ideal.\r\nSitue non loin de monuments tels que Mustafa Kamel Necropolis (3,1 km) et Chatby Tombs (3,3 km), l\'Hilton Alexandria Green Plaza est parfait pour decouvrir les differentes attractions de Alexandrie.\r\nL\'Hilton Alexandria Green Plaza Hotel vous propose une foule de commodites, dont une television a ecran plat, une climatisation et un minibar. Il est egalement possible de rester connecte via un internet gratuit.\r\nL\'hotel dispose d\'un service de chambre et d\'une conciergerie pour rendre votre sejour encore plus plaisant. L\'etablissement propose egalement une piscine et un petit dejeuner.\r\nPourquoi ne pas essayer un restaurant italien comme Roberto\'s Italian Restaurant, Fresca, Four Seasons Alexandria at San Stefano ou MAMMA MIA Bar & Lounge. Si vous cherchez une restaurant a proximite de l\'Hilton Alexandria Green Plaza rendezvous au Roberto s Italian Restaurant (0,1 km), MAMMA MIA Bar & Lounge (0,4 km) ou Abou Shakra (0,6 km), tous non loin de l\'hotel.\r\nAlexandrie est egalement connu pour ses celebres musees d\'art, dont Bibliotheque Alexandrina (Bibliotheca Alexandrina) et The Fine Arts Museum, qui sont tout pres de l\'Hilton Alexandria Green Plaza.\r\nLe personnel de l\'Hilton Alexandria Green Plaza se fera un plaisir de vous servir lors de votre visite.', 'Vue sur la ville\r\nVue sur la piscine\r\nParking\r\nInternet gratuit\r\nPiscine\r\nCentre de remise en forme/Salle de sport\r\nBillard\r\nDivertissements le soir\r\nChaines de television pour enfants\r\nJacuzzi\r\nSauna', 5, 20900, 'Egypte', 'Alexandrie', '6894811337357_HiltonAlexandrie1.jpg', '9281962278677_HiltonAlexandrie2.jpg', '4909882044689_HiltonAlexandrie3.jpg'),
(43, 'Hotel lorette  astotel', '36 rue Notre Dame de Lorette 9th Arr., 75009 Paris France', 'Idealement situe, notre bel etablissement haussmannien incarne la parfaite rencontre du charme parisien d’autrefois et de la modernite, grace a sa recente renovation en 2012. Son excellent emplacement permet aux hotes d\'explorer Paris a pied. Le SacreCoeur, Montmartre, l\'Opera et les Grands magasins sont a 10 minutes de marche de l\'hotel et la proximite du metro st Georges (ligne 12) permet d’acceder directement aux Champs Elysees en moins de 15 minutes. Vous serez seduit des votre arrivee, par le charme de notre espace reception ainsi que par l’accueil efficace et attentionne de notre equipe. Les 84 chambres auxquelles notre personnel apporte un soin tout particulier, ont ete redessinees avec gout afin de vous offrir confort et modernite. Vous disposez d’une connexion Wifi gratuite dans la chambre ainsi que dans les parties communes. Un copieux petitdejeuner est a votre disposition sous forme de buffet dans un cadre atypique, puisque vous aurez la chance de le decouvrir dans une belle cave d’epoque voutee et aeree. Neanmoins si vous le souhaitez, il est egalement possible de vous faire servir un petitdejeuner a la carte directement en chambre. Ainsi, l\'amenagement chaleureux et moderne de l\'hotel, son excellent emplacement central et notre personnel a votre ecoute seront les parfaits ingredients pour votre sejour d’affaires ou d’agrement totalement reussi.', 'Service de taxi\r\nStockage des bagages\r\nReception 24 heures sur 24\r\nNettoyage a sec\r\nWiFi\r\nBuffet adapte aux enfants\r\nSnackbar\r\nMenus speciaux\r\nSalon commun/espace TV\r\nChambres familiales', 3, 18300, 'France', 'Paris', '1765285903688_Lorette1.jpg', '5608979284537_Lorette2.jpg', '2954777276859_Lorette3.jpg'),
(44, 'Novotel marseille vieux port', '36 boulevard Charles Livon, 13007 Marseille France', 'L\'hotel 4 etoiles Novotel Marseille Vieux Port vous accueille au coeur de la cite phoceenne pour un sejour unique: en famille visitez les sites incontournables alentours tels que MUCEM, Palais du Pharo, Fort St Jean et accedez aux premieres plages en quelques minutes ; en voyage d\'affaires profitez du wifi gratuit, de notre parking prive et de la vue Vieux Port depuis notre restaurant Novotel Cafe. L\'hotel beneficie egalement d\'un acces direct aux autoroutes.', 'Chaises hautes disponibles\r\nAnimaux domestiques autorises (Chien/Animaux de compagnie)\r\nGarage\r\nWiFi\r\nPiscine exterieure\r\nCloture entourant la piscine\r\nSauna\r\nRestaurant\r\nCentre de remise en forme/Salle de sport\r\nChaines de television pour enfants\r\nSalles de reunion\r\nSpa\r\nMassage\r\nSalon', 4, 26500, 'France', 'Marseille', '8082786531211_Novotel1.jpg', '3670486542585_Novotel2.jpg', '2024831848993_Novotel3.jpg'),
(45, 'The clermont, charing cross', 'Strand, Charing Cross, Londres WC2N 5HX Angleterre', 'Tout le monde a besoin d\'un cocon douillet ou se reposer. L\'Amba Hotel Charing Cross est l\'etablissement parfait pour les voyageurs souhaitant se ressourcer lors de leur sejour a Londres. Repute pour son cadre familial et sa proximite de grands restaurants et attractions, l\'Amba Hotel Charing Cross vous permet de profiter pleinement de ce que Londres a de mieux a offrir.\r\nLe wifi gratuit est offert aux clients et les chambres de l\'Amba Hotel Charing Cross sont dotees d\'une television a ecran plat.\r\nPendant votre sejour, vous pourrez profiter des services de l\'hotel, dont le service de chambre et la conciergerie. Les clients du Thistle Charing Cross sont egalement invites a utiliser un centre de fitness et un petit dejeuner de l\'hotel.\r\nSitue a proximite des monuments les plus celebres de Londres, comme The View from The Shard (2,7 km) et Harrods (2,8 km), le Thistle Charing Cross Hotel est une destination ideale pour les touristes.\r\nVous etes amateur des crevettes ? Londres et ses restaurants populaires comme SUSHISAMBA City, The Ivy ou Rules Restaurant, sauront ravir vos papilles. Et la bonne nouvelle, c\'est qu\'ils sont tous situes a proximite de l\'Amba Hotel Charing Cross.\r\nSi vous etes en manque d\'activites, London Eye (0,7 km), British Museum (1,2 km) et Churchill War Rooms (0,7 km) vous feront passer un agreable moment, le tout a cote du Thistle Charing Cross.\r\nQue vous soyez en voyage d\'affaires, d\'agrement ou les deux, l\'Amba Hotel Charing Cross rendra votre sejour a Londres inoubliable.', 'Vue sur la ville\r\nVue sur un monument\r\nChambre hypoallergenique\r\nRideaux occultants\r\nBureau\r\nSalleamanger\r\nCafetiere/theiere\r\nTV par cable/satellite\r\nCanapelit\r\nDouche a l\'italienne\r\nCircuits a velo\r\nVisites pedestres\r\nChaises hautes disponibles\r\nLocation de voitures\r\nParking\r\nWiFi', 4, 53800, 'Angleterre', 'Londres', '4085294577297_clermont1.jpg', '6022573895761_clermont2.jpg', '3963113348390_clermont3.jpg'),
(46, 'Clayton hotel manchester airport', 'Outwood Lane Manchester Airport, Manchester M90 4HL Angleterre', 'Excellent choix pour les voyageurs visitant Manchester, le Clayton Hotel Manchester Airport offre un cadre familial et de nombreux services concus pour sublimer votre sejour.\r\nAvec ses chambres equipees d\'une television a ecran plat, d\'une climatisation et d\'un bureau, l\'hotel deviendra rapidement votre second chez vous. De plus, l\'hotel offre un wifi gratuit.\r\nPendant votre sejour l\'Airport Bewleys Hotel Manchester vous fait profiter d\'une reception ouverte 24 heures sur 24, d\'un service de chambre et d\'un change de devises. De plus, le Clayton Hotel Manchester Airport est dote d\'un centre de fitness et d\'un petit dejeuner, offrant l\'endroit reve pour se relaxer apres une journee bien remplie a arpenter les rues de Manchester. Et avantage non negligeable, un parking est disponible.\r\nSitue non loin de Wythenshawe Community Farm (4,8 km), l\'Airport Bewleys Hotel Manchester jouit d\'une localisation parfaite pour decouvrir les differentes attractions de Manchester.\r\nPendant votre sejour a Manchester, n\'hesitez pas a essayer les restaurants situes non loin de l\'Airport Bewleys Hotel Manchester, dont Tatton Arms (1,7 km), San Carlo Fiorentina (1,9 km) et Jannahs Kitchen (1,7 km).\r\nSi vous avez le temps, Granada Studios, Victoria Baths et Castlefield Urban Heritage Park sont des sites historiques situees a deux pas.\r\nProfitez bien de votre sejour a Manchester.', 'Rideaux occultants\r\nBureau\r\nService de menage\r\nCoffrefort\r\nTelephone\r\nTelevision a ecran plat\r\nSalle de jeux\r\nAire de jeux interieure pour les enfants\r\nChaises hautes disponibles\r\nNavettes aeroport gratuites\r\nParking public payant sur site\r\nParking securise', 4, 31200, 'Angleterre', 'Manchester', '3862499754639_Clayton1.jpg', '1893869271529_Clayton2.jpg', '8981884149808_Clayton3.jpg'),
(47, 'El hotel royale jakarta', 'Jl. Bukit Gading Raya Kav. 1 North Jakarta, Jakarta 14240 Indonesie', 'Si vous recherchez un hotel familial a Jakarta, alors le eL Royale Jakarta est le choix ideal.\r\nTout proche de monuments populaires comme AlMusyawarh Great Mosque (1,6 km) et Pondok Indah Grand Mosque (4,0 km), le eL Royale Jakarta vous permet de profiter facilement des attractions les plus connues de Jakarta.\r\nLe eL Royale Jakarta est un hotel familial proposant des chambres equipees d\'une television a ecran plat, d\'une climatisation et d\'un refrigerateur. Vous pouvez egalement compter sur un wifi gratuit pour rester connecte tout au long de votre sejour.\r\nL\'hotel dispose d\'une reception ouverte 24 heures sur 24, d\'un service de chambre et d\'une conciergerie. La piscine et le petit dejeuner inclus ne sont pas etrangers a sa grande popularite aupres des voyageurs visitant Jakarta. Pour les clients vehicules, un parking gratuit est disponible.\r\nPonctuez votre sejour a Jakarta d\'une degustation de restaurants italiens local dans l\'un des restaurants alentours, comme One Fine Day, Pizzeria Cavalese ou Amyrea Art & Kitchen.\r\nSi vous souhaitez explorer Jakarta, passez une soiree dans un des celebres parcs regionaux de la ville, comme Taman Menteng et Cattleya Park.\r\nLe personnel du eL Royale Jakarta se fera un plaisir de vous servir lors de votre visite.', 'Rideaux occultants\r\nClimatisation\r\nBalcon prive\r\nService en chambre\r\nPiscine\r\nCentre de remise en forme/Salle de sport\r\nPetitdejeuner inclus\r\nSejour gratuit pour les enfants\r\nActivites pour les enfants (Enfants/Pour les familles)\r\nNavette aeroport\r\nLocation de voitures', 3, 4348, 'Indonesie', 'Jakarta', '3433562422686_royaljakarta1.jpg', '605409433234_royaljakarta2.jpg', '2304529869397_royaljakarta3.jpg'),
(48, 'The westin jakarta', 'Jl. H.R. Rasuna Said Kav. C22 A Gama Tower, Jakarta 12940 Indonesie', 'Vous cherchez un hotel de luxe a Jakarta ? Bienvenue au The Westin Jakarta, un etablissement de choix pour les voyageurs comme vous.\r\nEquipees d\'une television a ecran plat, d\'une climatisation et d\'un refrigerateur, les chambres du The Westin Jakarta offrent tout le confort dont vous avez besoin. Vous pourrez meme rester connecte grace au wifi gratuit.\r\nL\'hotel dispose de nombreux atouts, tels qu\'une conciergerie, un service de chambre et une terrasse sur le toit.\r\nLa piscine interieure et le petit dejeuner contribueront a rendre votre sejour encore plus special. Si vous etes vehicule, sachez que le The Westin Jakarta propose parking gratuit.\r\nSitue non loin de monuments tels que Jakarta War Cemetery (0,8 km) et Masjid Perahu (1,3 km), le The Westin Jakarta jouit d\'une localisation parfaite pour decouvrir les differentes attractions de Jakarta.\r\nSi vous souhaitez deguster des ribs rendezvous au SKYE Bar & Restaurant, Akira Back ou Seribu Rasa. Pourquoi ne pas essayer un steakhouse comme le Altitude Grill, AB Steak By Chef Akira Back ou Up In Smoke.\r\nSi vous etes en manque d\'activites, Culinaria Modena (Cooking Course) (1,4 km) vous fera passer un agreable moment, le tout a cote du The Westin Jakarta.\r\nLe The Westin Jakarta vous offre le meilleur de Jakarta a votre portee, pour un sejour parfait en tous points.', 'Chambre hypoallergenique\r\nRideaux occultants\r\nClimatisation\r\nBureau\r\nService de menage\r\nCafetiere/theiere\r\nTV par cable/satellite\r\nDouche a l\'italienne\r\nParking gratuit\r\nInternet haut debit gratuit (WiFi)\r\nPiscine avec vue\r\nCentre de remise en forme/Salle de sport\r\nLocation de velos', 5, 35100, 'Indonesie', 'Jakarta', '4085255431929_westin1.jpg', '2426051455683_westin2.jpg', '5236893443593_westin3.jpg'),
(49, 'Hotel pj myeongdong', '71, Mareunnaero, Junggu, Seoul 04548 Coree du Sud', 'Bienvenue a l\'Hotel PJ Myeongdong, votre second chez vous a Seoul. L\'Hotel PJ Myeongdong met tout en œuvre pour rendre votre sejour aussi agreable et relaxant que possible. C\'est la raison pour laquelle autant de clients reviennent chaque annee.\r\nPendant votre sejour a l\'Hotel PJ Myeongdong, visitez Cheonggyecheon (1,0 km) et Dongdaemun Design Plaza (DDP) (1,2 km), les attractions les plus connues de Seoul.\r\nLe wifi gratuit est offert aux clients et les chambres de l\'Hotel PJ Myeongdong sont dotees d\'une television a ecran plat, d\'un refrigerateur et d\'une climatisation.\r\nPendant votre sejour, vous pourrez profiter des services de l\'hotel, dont la conciergerie. Les clients de l\'Hotel PJ Myeongdong sont egalement invites a utiliser un jacuzzi et un buffet petit dejeuner de l\'hotel. Un parking gratuit est a la disposition des voyageurs vehicules.\r\nSeoul regorge de restaurants italiens. Profitezen pour pousser les portes de l\'un des restaurants populaires de la ville, comme Brera, Section A ou Boccalino, tous connus pour la qualite de leurs plats.\r\nSeoul est egalement connu pour ses celebres galeries d\'art, dont KT&G Sangsang Madang, Ice Gallery et Hagajae Museum, qui sont tout pres de l\'Hotel PJ Myeongdong.\r\nL\'Hotel PJ Myeongdong vous offre le meilleur de Seoul a votre portee, pour un sejour parfait en tous points.', 'Jacuzzi\r\nServices de navette/taxi gratuits\r\nCentre d\'affaires avec acces Internet\r\nSalles de conference\r\nWiFi\r\nBuffet de petitdejeuner\r\nService d\'autobus\r\nChange des devises\r\nBalcon prive\r\nCoffrefort\r\nRefrigerateur\r\nSuites\r\nChambres familiales', 4, 8613, 'Coree du sud', 'Seoul', '5821653452621_hotel PJ1.jpg', '8802691286188_hotel PJ2.jpg', '1296700778712_hotel PJ3.jpg'),
(50, 'Only you hotel atocha', 'Paseo Infanta Isabel 13, 28014 Madrid Espagne', 'Decouvrez pourquoi l\'Only YOU Hotel Atocha est l\'hotel prefere des voyageurs visitant Madrid. Offrant un grand confort et un excellent rapport qualiteprix, il propose un cadre un romantique et un large eventail de services concus pour les voyageurs comme vous.\r\nSitue a proximite des monuments les plus celebres de Madrid, comme Plaza de Santa Ana (1,4 km) et La Latina (1,8 km), l\'Only YOU Hotel Atocha est une destination ideale pour les touristes.\r\nL\'Only YOU Hotel Atocha est un hotel romantique proposant des chambres equipees d\'une television a ecran plat, d\'une climatisation et d\'un minibar. Vous pouvez egalement compter sur un wifi gratuit pour rester connecte tout au long de votre sejour.\r\nL\'hotel dispose d\'une reception ouverte 24 heures sur 24, d\'une conciergerie et d\'un service de chambre. Le centre de fitness et le salon ne sont pas etrangers a sa grande popularite aupres des voyageurs visitant Madrid. Pour les clients vehicules, un parking prive payant sur site est disponible.\r\nSi vous aimez les restaurants francais , poussez les portes du Motteau, L\'entrecote Cafe de Paris et Elemental Bistro qui sont tous situes non loin de l\'Only YOU Hotel Atocha.\r\nSi vous etes en manque d\'activites, Parc du Retiro (0,9 km), Musee Reina Sofia (0,5 km) et Plaza Mayor (1,8 km) vous feront passer un agreable moment, le tout a cote de l\'Only YOU Hotel Atocha.\r\nL\'Only YOU Hotel Atocha fait de votre confort et de votre satisfaction une priorite absolue. L\'etablissement est impatient de vous accueillir a Madrid.', 'Location de voitures\r\nCentre d\'affaires avec acces Internet\r\nSalles de conference\r\nTerrasse sur le toit\r\nGarage\r\nWiFi\r\nVestiaires du spa/centre de remise en forme\r\nCours de remise en forme\r\nEntraineur personnel\r\nCafe\r\nRestaurant\r\nPetitdejeuner disponible\r\nClimatisation\r\nService de menage\r\nBalcon prive\r\nService en chambre\r\nMinibar\r\nTelevision a ecran plat', 4, 28000, 'Espagne', 'Madrid', '476630893322_only you1.jpg', '8442469887779_only you2.jpg', '2135836565925_only you3.jpg'),
(51, 'Mauna lani, auberge resorts collection', '681400 Mauna Lani Dr, Puako, Ile d\'Hawai, HI 96743', 'Vous cherchez un complexe touristique de luxe a Puako ? Bienvenue au Mauna Lani, un etablissement de choix pour les voyageurs comme vous.\r\nLes chambres sont equipees d\'une television a ecran plat, d\'un refrigerateur et d\'une climatisation. Le wifi gratuit vous permet egalement de vous relaxer en restant connecte.\r\nLe Mauna Lani dispose d\'une conciergerie et d\'un service de chambre. Par ailleurs, en tant que client, vous etes invite a profiter de la piscine et du petit dejeuner offert par le Mauna Lani Bay Hotel & Bungalows. Sur place, parking gratuit est mis a la disposition des clients vehicules.\r\nSi vous souhaitez deguster du crabe rendezvous au Brown\'s Beach House ou Bay Terrace. Pourquoi ne pas essayer un restaurant de poissons et fruits de mer comme le Brown\'s Beach House ou CanoeHouse.\r\nVous ne serez jamais a court de choses a faire dans les environs : explorez les parcs regionaux celebres tels que Hapuna Beach State Recreation Area.\r\nLe Mauna Lani est impatient de vous accueillir a l\'occasion de votre voyage a Puako.', 'Service de voiturier\r\nInternet haut debit gratuit (WiFi)\r\nCentre de remise en forme/Salle de sport\r\nPlage\r\nLocation de velos\r\nBabysitting\r\nWiFi\r\nJacuzzi\r\nPiscine avec vue\r\nCours de yoga\r\nBateau\r\nCanoë\r\nTerrain de golf\r\nPlongee avec masque et tuba\r\nCourt de tennis\r\nPlanche a voile\r\nCircuits a velo\r\nVisites pedestres\r\nActivites pour les enfants (Enfants/Pour les familles)\r\nAnimaux domestiques autorises (Chien/Animaux de compagnie)', 5, 186600, 'Etats unis', 'Ile d hawai', '3714340220528_Mauna1.jpg', '357081294242_Mauna2.jpg', '4153151047340_Mauna3.jpg'),
(52, 'Park regis kris kin hotel', 'Sheikh Khalifah bin Zayed St Opp Burjuman Centre, Dubai 8264 Emirats arabes unis', 'Vous cherchez un hotel familial a Dubai ? Bienvenue au Park Regis Kris Kin Hotel, un etablissement de choix pour les voyageurs comme vous.\r\nSitue non loin de monuments tels que SMCCU Sheikh Mohammed Centre for Cultural Understanding (1,6 km) et Bur Dubai Abra Dock (1,9 km), le Park Regis Kris Kin Hotel est parfait pour decouvrir les differentes attractions de Dubai.\r\nLe Park Regis Kris Kin Hotel vous propose une foule de commodites, dont une television a ecran plat, un minibar et une climatisation. Il est egalement possible de rester connecte via un wifi gratuit.\r\nL\'hotel dispose d\'une conciergerie, d\'un service de chambre et d\'une terrasse sur le toit pour rendre votre sejour encore plus plaisant. L\'etablissement propose egalement une piscine sur le toit et un petit dejeuner. Le parking gratuit est mis a la disposition des client vehicules.\r\nDubai regorge de restaurants italiens. Profitezen pour pousser les portes de l\'un des restaurants populaires de la ville, comme The Cheesecake Factory, Signor Pomidor ou Feast  Sheraton Grand Hotel, tous connus pour la qualite de leurs plats.\r\nDe plus, Dubai Frame (1,5 km), Dubai Creek (1,8 km) et Grand Mosque (1,7 km), situes pas trop loin du Park Regis Kris Kin Hotel valent egalement le detour.\r\nLe Park Regis Kris Kin Hotel est impatient de vous accueillir a l\'occasion de votre voyage a Dubai.', 'Parking gratuit\r\nInternet haut debit gratuit (WiFi)\r\nPiscine sur le toit\r\nCentre de remise en forme/Salle de sport\r\nBabysitting\r\nActivites pour les enfants (Enfants/Pour les familles)\r\nNavette aeroport\r\nPiscine exterieure\r\nSauna\r\nVue sur la ville\r\nChange des devises\r\nChaises longues/chaises de plage\r\nParasols\r\nCoffrefort\r\nCoin salon', 5, 20935, 'Uae', 'Dubai', '3032485098880_Park1.jpg', '5689539438052_Park2.jpg', '6604974944825_Park3.jpg'),
(53, 'Hotel yasmak sultan', 'Ebusuud Caddesi No:12 Sirkeci, Istanbul 34110 Turquie', 'Vous cherchez un hotel romantique a Istanbul ? Bienvenue a l\'Hotel Yasmak Sultan, un etablissement de choix pour les voyageurs comme vous.\r\nVous profiterez de chambres relaxantes equipees d\'une television a ecran plat, d\'une climatisation et d\'un minibar, et pourrez rester connecte pendant votre sejour car l\'Hotel Yasmak Sultan propose un wifi gratuit.\r\nL\'hotel dispose d\'une conciergerie, d\'un service de chambre et d\'une terrasse sur le toit. De plus, l\'Hotel Yasmak Sultan est dote d\'une piscine et d\'un petit dejeuner, offrant un endroit plaisant pour se reposer apres une journee bien remplie. Pour les clients avec vehicules, un parking est disponible.\r\nTous pres de monuments populaires comme Mosquee Süleymaniye (1,3 km) et Istiklal Street (2,1 km), l\'Hotel Yasmak Sultan est le point de depart parfait pour partir a la decouverte de Istanbul.\r\nSi vous avez un petit creux, sachez que les restaurants Kroren Restaurant, Pell\'s Cafe \"Breakfast & Local Delights\" et Cok Cok Thai sont des restaurants asiatiques reputes aupres les gens locaux comme du reste du monde.\r\nSi vous etes en manque d\'activites, Topkapi Palace (0,5 km), Mosquee Bleue (0,8 km) et Musee et basilique SainteSophie (0,5 km) vous feront passer un agreable moment, le tout a cote de l\'Hotel Yasmak Sultan.\r\nL\'Hotel Yasmak Sultan vous offre le meilleur de Istanbul a votre portee, pour un sejour parfait en tous points.', 'Chambre hypoallergenique\r\nChambres insonorisees\r\nClimatisation\r\nService de menage\r\nService en chambre\r\nCoffrefort\r\nBabysitting\r\nNavette aeroport\r\nWiFi\r\nJacuzzi\r\nPiscine interieure\r\nHammam\r\nBain de vapeur\r\nTerrasse sur le toit\r\nChange des devises\r\nVestiaires du spa/centre de remise en forme\r\nSauna', 4, 19750, 'Turquie', 'Istanbul', '5834299988864_yasmak1.jpg', '5709787162562_yasmak2.jpg', '9627707159152_yasmak3.jpg');
INSERT INTO `hotel` (`id_hotel`, `nom_hotel`, `adresse`, `description`, `points_forts`, `nbr_etoiles`, `tarif_unitaire`, `pays`, `ville`, `image1`, `image2`, `image3`) VALUES
(61, 'Mercure alger aeroport', 'Route de L\'Universite BP 12 5 Juillet, Alger 16311 Algerie', 'Tout le monde a besoin d\'un cocon douillet ou se reposer. Le Mercure Alger Aeroport est l\'etablissement parfait pour les voyageurs souhaitant se ressourcer lors de leur sejour a Bab Ezzouar. Repute pour son cadre et sa proximite de grands restaurants, le Mercure Alger Aeroport vous permet de profiter pleinement de ce que Bab Ezzouar a de mieux a offrir.\r\nEquipees d\'une television a ecran plat, d\'une climatisation et d\'un minibar, les chambres du Mercure Alger Aeroport offrent tout le confort dont vous avez besoin. Vous pourrez meme rester connecte grace au wifi gratuit.\r\nL\'hotel dispose de nombreux atouts, tels qu\'une reception ouverte 24 heures sur 24, une conciergerie et un service de chambre.\r\nLa piscine et le petit dejeuner contribueront a rendre votre sejour encore plus special. Si vous etes vehicule, sachez que le Mercure Alger Aeroport propose parking gratuit.\r\nPonctuez votre sejour a Bab Ezzouar d\'une degustation de restaurants de barbecue/grillades local dans l\'un des restaurantes alentours, comme Rahet El Bal.\r\nQue vous soyez en voyage d\'affaires, d\'agrement ou les deux, le Mercure Alger Aeroport rendra votre sejour a Bab Ezzouar inoubliable.', 'Parking gratuit\r\nInternet haut debit gratuit (WiFi)\r\nPiscine\r\nCentre de remise en forme/Salle de sport\r\nNavettes aeroport gratuites\r\nCentre d\'affaires avec acces Internet\r\nSalles de conference\r\nService de voiturier\r\nVestiaires du spa/centre de remise en forme\r\nSauna\r\nSpa\r\nBain de vapeur', 4, 15400, 'Algerie', 'Alger', '2193037600582_mercure-alger-aeroport1.jpg', '4233627854486_mercure-alger-aeroport2.jpg', '2670846801178_mercure-alger-aeroport3.jpg');

-- --------------------------------------------------------

--
-- Structure de la table `omra`
--

DROP TABLE IF EXISTS `omra`;
CREATE TABLE IF NOT EXISTS `omra` (
  `id_omra` int(11) NOT NULL AUTO_INCREMENT,
  `intitule` varchar(50) NOT NULL,
  `programme` varchar(2000) NOT NULL,
  `description` varchar(2000) NOT NULL,
  `tarif_une_personne` int(11) NOT NULL,
  `date_debut_omra` date NOT NULL,
  `date_fin_omra` date NOT NULL,
  `pays` varchar(50) NOT NULL,
  `ville` varchar(50) NOT NULL,
  `image1` varchar(50) NOT NULL,
  `image2` varchar(50) NOT NULL,
  `image3` varchar(50) NOT NULL,
  PRIMARY KEY (`id_omra`)
) ENGINE=InnoDB AUTO_INCREMENT=6 DEFAULT CHARSET=utf8;

--
-- Déchargement des données de la table `omra`
--

INSERT INTO `omra` (`id_omra`, `intitule`, `programme`, `description`, `tarif_une_personne`, `date_debut_omra`, `date_fin_omra`, `pays`, `ville`, `image1`, `image2`, `image3`) VALUES
(3, 'Omra janvier 2023 forfait economique', '24/01: Vol Alger/Jeddah\r\nDepart de l\'aeroport de Houari Boumediene sur un vol regulier.	\r\n25/01: Arrivee a Jeddah \r\nLe debut de l’etat de sacralisation vous sera indique par le pilote. Des votre sortie de l’aeroport de Jeddah, vous serez pris en charge par notre correspondant qui vous conduira jusqu’a votre hotel a La Mecque. Des votre arrivee a la Mecque et selon votre fatigue, nous vous proposons d’effectuer les rites de l’Omra accompagne de notre guide.\r\n26/01: Sejour libre \r\nJournee libre a la Mecque. Profitez de votre sejour a la Mecque 1 priere = 100 000 prieres.\r\n27/01: Sejour libre \r\nJournee libre a la Mecque.	\r\n28/01: Sejour libre \r\nJournee libre a la Mecque.\r\n29/01: Sejour libre \r\nJournee libre a la Mecque.\r\n30/01: Transfert vers Medine \r\nDepart pour Medine a midi. Vous effectuerez le trajet de 460 km entre La Mecque et Medine. Profitez de votre passage a Medine 1 priere = 1000 prieres.	\r\n31/01: Sejour libre a Medine \r\nJournee libre.\r\n01/02: Visites a Medine \r\nPour ce jour, avec notre guide, nous vous organisons la visite de la mosquee de Quba, situee a 3 km au sud du centre ville de Medine. Ensuite, vous vous rendrez a la montagne Ouhoud, rendu celebre par la bataille qui s’y deroulait en l’an 3 de l’hegire.	\r\n02/02: Sejour libre a Medine \r\nJournee libre.\r\n03/02: Dernier jour a Medine \r\nJournee libre a Medine.	\r\n04/02: Retour a Alger\r\nLe matin tot nous vous assurons votre transfert aeroport pour votre vol de retour.Arrivee a Alger.', 'Makkah : Meridien Towers Makkah\r\nLe Meridien Towers Makkah propose un hebergement bien equipe avec une kitchenette. Les suites de cet etablissement 5 etoiles affichent une decoration chaleureuse dans des tons ocre. Elles sont dotees de la climatisation, d\'une piece a vivre et d\'une television par satellite a ecran plat. Cet hotel est situe a environ 2 km du Haram. Il propose des navettes gratuites 24h24 qui permettent de rejoindre la Mecque en 2 minutes. \r\nMedina : Grand Al Safi Hotel\r\nLe Grand Al Safi Hotel beneficie d\'un emplacement ideal dans le quartier central de Madinah, a 600m de AlMasjid anNabawi.', 184018, '2023-01-24', '2023-02-04', 'Arabie saoudite', 'Mecque/medine', '2775654929063_omra janvier1.jpg', '3762131558376_omra janvier2.jpg', '2379107017602_omra janvier3.jpg'),
(4, 'Omra octobre 2022 confort', '25/10: Vol Alger/Medine\r\nDepart de l\'aeroport de Houari boumediene sur un vol regulier.\r\n26/10: Arrivee a Medine\r\nDes votre sortie de l’aeroport de Medine, vous serez pris en charge par notre correspondant qui vous conduira jusqu’a votre hotel. Journee libre . Profitez de votre passage a Medine 1 priere = 1000 prieres.\r\n27/10: Sejour libre a Medine\r\nJournee libre. \r\n28/10: Sejour libre a Medine\r\nJournee libre. \r\n29/10: Visites a Medine\r\nPour ce jour, avec notre guide, nous vous organisons la visite de la mosquee de Quba, situee a 3 km au sud du centre ville de Medine. Ensuite, vous vous rendrez a la montagne Ouhoud, rendu celebre par la bataille qui s’y deroulait en l’an 3 de l’hegire.\r\n30/10: Transfert vers la Mecque\r\nDepart pour Makkah a midi. Vous effectuerez le trajet de 460 km entre Medine et La Mecque. A 12 kilometres de Medine, vous vous arreterez au Miqat de DhulHulayfa pour vous consacrer a l’intention de votre Omra et vous placer en etat de sacralisation. Des votre arrivee a la Mecque et selon votre fatigue, nous vous proposons d’effectuer les rites de l’Omra accompagne de notre guide. \r\n31/10: Sejour libre a la Mecque\r\nJournee libre a la Mecque. Profitez de votre sejour a la Mecque 1 priere = 100 000 prieres.\r\n01/11: Sejour libre\r\nJournee libre a la Mecque.\r\n02/11: Sejour libre\r\nJournee libre a la Mecque.\r\n03/11: Visites a la Mecque\r\nCette journee sera consacree a la visite de Mina et Arafa, hauts lieux ou se deroule le Hajj.\r\n04/11: Dernier jour a La Mecque\r\nJournee libre a la Mecque, le soir nous vous assurons votre transfert aeroport pour votre vol de retour.\r\n05/11: Retour a Alger\r\nArrivee a Alger.', 'Makkah : Jabal Omar Marriott Hotel 5 , il est situe a 700m du Haram. Ses chambres sont toutes dotees de la climatisation et d\'une television par satellite. Cet hotel possede une reception ouverte 24h/24.\r\nMedina : Bosphorus Hotel Waqf Al Safi , il est situe a 500m de la mosquee du Prophete. Cet hotel propose des hebergements avec la climatisation et une connexion WiFi gratuite. Toutes les chambres comprennent un coin salon et une television a ecran plat.', 215120, '2022-10-25', '2022-11-05', 'Arabie saoudite', 'Meque/medine', '3127589984933_omra octobre1.jpg', '4493843211318_omra octobre2.jpg', '3841811130201_omra octobre3.jpg'),
(5, 'Omra decembre 2022 vip', '17/12: Vol Alger/Medine \r\nDepart de l\'aeroport de Houari Boumediene.	\r\n18/12: Arrivee a Medine \r\nDes votre sortie de l’aeroport de Medine, vous serez pris en charge par notre correspondant qui vous conduira jusqu’a votre hotel. Journee libre pour reposer un peu et recuperer de votre voyage. Profitez de votre passage a Medine 1 priere = 1000 prieres.\r\n19/12: Sejour libre\r\nJournee libre.\r\n20/12: Visites a Medine\r\nPour ce jour, avec notre guide, nous vous organisons la visite de la mosquee de Quba, situee a 3 km au sud du centre ville de Medine. Ensuite, vous vous renderez a la montagne Ouhoud, rendu celebre par la bataille qui s’y deroulait en l’an 3 de l’hegire.\r\n21/12: Sejour libre\r\nJournee libre.\r\n22/12: Transfert vers la Mecque\r\nDepart pour Makkah a midi. Vous effectuerez le trajet de 460 km entre Medine et La Mecque. A 12 kilometres de Medine, vous vous arreterez au Miqat de DhulHulayfa pour vous consacrer a l’intention de votre Omra et vous placer en etat de sacralisation. Des votre arrivee a la Mecque et selon votre fatigue, nous vous proposons d’effectuer les rites de l’Omra accompagne de notre guide. \r\n23/12: Sejour libre\r\nJournee libre a la Mecque.\r\n24/12: Sejour libre\r\nJournee libre a la Mecque.	\r\n25/12: Sejour libre\r\nJournee libre a la Mecque.	\r\n26/12: Sejour libre\r\nJournee libre a la Mecque.\r\n27/12: Dernier jour a La Mecque\r\nNous vous assurons votre transfert aeroport pour votre vol de retour.	\r\n28/12: Retour a Alger\r\nArrivee a Alger.', 'Makkah : Marwa Rayhan hotel 5 tres proche de kaaba (moins de 50 m). \r\nC\'est un hotel de luxe situe dans le nouveau complexe Abraj Al Bait de La Mecque. Certaines chambres (avec supplement) offrent une vue sur le Masjid alHaram et la Kaaba. Il possede 3 restaurants, ou vous pourrez savourer des plats a la carte et des repas sous forme de buffet. Un large eventail de plats internationaux est servi a cote de nombreuses specialites arabes. Cet hotel est proche du nouveau complexe commercial, qui comprend un grand centre commercial et une mosquee climatisee. L\'acces WiFi dans les parties communes est fourni gratuitement. Egalement sur place, vous trouverez du cafe/the dans les espaces communs, un service d\'etage 24 heures sur 24 et un centre d\'affaires.\r\n\r\nMedina : Hotel Anwar Al Madinah Movenpick, il est idealement situe au sud de la sainte mosquee. L\'hotel offre des chambres et des suites spacieurses. Plusieurs restaurants : Al Arabi propose une authentique cuisine arabe et Shiraz sert une cuisine traditionnelle persane. Al Salam Restaurant propose un buffet international. Un service en chambre est egalement disponible 24H/24.', 338930, '2022-12-17', '2022-12-28', 'Arabie saoudite', 'Mecque/medine', '7462517194118_omra decembre1.jpg', '6736502291350_omra decembre2.jpg', '6061272613278_omra decembre3.jpg');

-- --------------------------------------------------------

--
-- Structure de la table `remise`
--

DROP TABLE IF EXISTS `remise`;
CREATE TABLE IF NOT EXISTS `remise` (
  `id_remise` int(11) NOT NULL AUTO_INCREMENT,
  `nom_remise` varchar(50) NOT NULL,
  `adresse` varchar(255) NOT NULL,
  `description` varchar(2000) NOT NULL,
  `points_forts` varchar(1000) NOT NULL,
  `nbr_etoiles` int(11) NOT NULL,
  `pourcentage_red` int(11) NOT NULL,
  `tarif_avant_red` int(11) NOT NULL,
  `tarif_apres_red` int(11) NOT NULL,
  `date_debut_remise` date NOT NULL,
  `date_fin_remise` date NOT NULL,
  `pays` varchar(50) NOT NULL,
  `ville` varchar(50) NOT NULL,
  `image1` varchar(50) NOT NULL,
  `image2` varchar(50) NOT NULL,
  `image3` varchar(50) NOT NULL,
  PRIMARY KEY (`id_remise`)
) ENGINE=InnoDB AUTO_INCREMENT=9 DEFAULT CHARSET=utf8;

--
-- Déchargement des données de la table `remise`
--

INSERT INTO `remise` (`id_remise`, `nom_remise`, `adresse`, `description`, `points_forts`, `nbr_etoiles`, `pourcentage_red`, `tarif_avant_red`, `tarif_apres_red`, `date_debut_remise`, `date_fin_remise`, `pays`, `ville`, `image1`, `image2`, `image3`) VALUES
(4, 'Promo Portugal', 'Corcovada, Areias de Sao Joao, Albufeira 8200664 Portugal', 'L\'Albufeira Sol Hotel & Spa est un etablissement 4 etoiles moderne, proposant des chambres lumineuses avec un balcon.\r\n\r\nSitue a Areias de São João, a 10 minutes de marche de la plage, il inclut une piscine exterieure et un restaurant.', 'Equipe d\'animation\r\nAccueil enfants\r\nPiscine\r\nMobilite reduite\r\nChambres climatisees\r\nParking gratuit\r\nInternet gratuit\r\nCentre de remise en forme/Salle de sport', 4, 17, 185000, 153550, '2022-07-19', '2022-07-26', 'Portugal', 'Albufeira', '7920696706127_promoportugal1.jpg', '1397434047191_promoportugal2.jpg', '8867485648727_promoportugal3.jpg'),
(5, 'Speciale Espagne', 'Cala Antena, s/n, 07689 Calas de Mallorca, Espagne', 'Cet etablissement est a 13 minutes a pied de la plage. Situe a Cales de Mallorca, a 350 metres de la plage de Cala Antena, l\'hotel HYB Eurocalas est adapte aux familles et propose une formule tout compris, 3 piscines exterieures, dont une pour les enfants avec des toboggans, ainsi qu\'une terrasse avec chaises longues et parasols.\r\n\r\nVous profiterez egalement de cours multi sports, d\'une cour de tennis, d\'un restaurant climatise, d\'un snackbar, d\'une salle de television ainsi que d\'une salle de jeux, d\'une connexion WiFi gratuite, d\'une aire de jeux et d\'un club pour enfants.\r\n\r\nL\'etablissement compte 397 chambres reparties dans 5 batiments avec ascenseur.\r\n\r\nChaque chambre climatisee comprend une television par satellite, un telephone (en supplement), une salle de bain ainsi qu\'un minirefrigerateur, un coffrefort et un balcon. Vous beneficierez d\'une connexion WiFi en chambre, moyennant des frais supplementaires.\r\n\r\nLe restaurant buffet sert des plats internationaux et vous pourrez deguster des collations, des boissons et des glaces au bar. Enfin, le complexe organise un large eventail d\'activites pour tous les ages.', 'Parking gratuit\r\nWiFi\r\nLocation de velos\r\nPlongee\r\nClubs pour enfants\r\nBalcon prive\r\nEquipe d\'animation\r\nPiscine\r\nMobilite reduite\r\nChambres climatisees', 4, 20, 116000, 92800, '2022-07-07', '2022-07-14', 'Espagne', 'Majorque', '1137244106118_specialeespagne1.jpg', '6122036021162_specialeespagne2.jpg', '7698457649901_specialeespagne3.jpg'),
(6, 'Speciale Grece', 'Main Street, Leptokaryá, 60063, Grece', 'Cet etablissement est a 2 minutes a pied de la plage. Situe sur la belle plage amenagee de Leptokaryá, l’Olympian Bay Grand Resort  All Inclusive propose des chambres modernes, ainsi que de nombreuses activites de loisirs, dont des sports nautiques et des programmes d’animation.\r\n\r\nL\'Olympian Bay Grand Resort  All Inclusive beneficie d\'un emplacement pittoresque au pied du mont Olympe, face a la mer. Les chambres, spacieuses et decorees dans des tons neutres, sont dotees d’installations modernes et d’un grand balcon prive. Un somptueux petitdejeuner buffet vous sera servi chaque matin. Vous pourrez par ailleurs admirer la superbe vue sur la mer ou les jardins tout en savourant votre cafe le matin.\r\n\r\nL’etablissement met egalement a votre disposition 2 piscines exterieures, et des cours d’aerobic sont organises. Vous pourrez profiter des activites mises en place par l’equipe d’animation ou jouer au volleyball sur la plage. Des parasols et des chaises longues sont a votre disposition sur la plage et au bord de la piscine.\r\n\r\nLa jolie ville de Leptokaryá se trouve a seulement 15 minutes a pied de l\'Olympian Bay Grand Resort  All Inclusive. Si vous souhaitez explorer cette region fascinante en voiture, l\'Olympian Bay Grand Resort  All Inclusive propose un service de location de voitures et un parking prive gratuit.', 'Connexion WiFi gratuite\r\nParking gratuit\r\nNavette aeroport\r\nChambres familiales\r\nTres bon petitdejeuner\r\nFront de mer\r\nEquipe d\'animation\r\nChambres climatisees', 4, 18, 215000, 176300, '2022-07-10', '2022-07-17', 'Grece', 'Leptokarya', '2661616436142_specialegrece1.jpg', '714953507481_specialegrece2.jpg', '7183346543325_specialegrece3.jpg'),
(7, 'Promo Turquie', 'Gümbet, Dayılar Sk., 48400 Gümbet Bodrum/Bodrum/Muğla, Turquie', 'Cet etablissement est a 4 minutes a pied de la plage. Situe a seulement quelques pas de la plage de Gumbet et a 3 km de Bodrum, le Jasmin Beach Hotel beneficie d\'une plage privee, de 3 piscines exterieures et d\'un sauna. L\'etablissement propose en outre des animations pour que vous passiez un sejour amusant et relaxant.\r\n\r\nLe Jasmine Beach possede des hebergements a la decoration lumineuse dotes d\'un balcon prive. Chacun est entierement climatise et la plupart offrent une vue sur la piscine et le jardin du Jasmin.\r\n\r\nVous pourrez vous baigner dans l\'une des 3 piscines exterieures ou profiter d\'un soin de beaute au salon du Jasmin. Vous pourrez egalement pratiquer divers sports nautiques sur la plage voisine.\r\n\r\nVous pourrez rejoindre la vie nocturne animee de Bodrum en 5 minutes de route depuis le Jasmin Beach Hotel. L\'aeroport de Bodrum est situe a 35 km et un parking prive gratuit est disponible sur place.', 'Connexion WiFi gratuite\r\nCentre de remise en forme\r\nFront de mer\r\nEquipe d\'animation\r\nChambres climatisees', 4, 14, 200000, 172000, '2022-07-08', '2022-07-15', 'Turquie', 'Bodrum', '3567749503104_promoturquie1.jpg', '3555888496962_promoturquie2.jpg', '5655108958896_promoturquie3.jpg'),
(8, 'Remise Maroc', 'Boulevard du 20 Aout, Agadir 80000, Maroc', 'Cet etablissement est a 3 minutes a pied de la plage. Situe sur la plage d\'Agadir, l\'hotel tout compris Royal Decameron Tafoukt propose 2 bars servant des boissons gratuites. Vous pourrez vous detendre sur la terrasse bordant la piscine, dans le centre de bienetre sur place ou sur la plage, dans l’espace reserve avec chaises longues et service de serviettes.\r\n\r\nDonnant sur la plage ou la piscine, les chambres climatisees sont pourvues d\'un interieur contemporain et d\'une television par satellite.\r\n\r\nLes 2 restaurants du Royal Decameron Tafoukt, le Cafe Del Mar et le Muso, preparent une cuisine marocaine et internationale. Un petitdejeuner buffet est servi tous les matins.\r\n\r\nL\'etablissement met aussi a votre disposition un salon de beaute, un service de blanchisserie et une connexion WiFi.\r\n\r\nUn parking gratuit est fourni. Vous sejournerez a 28 km de l\'aeroport d\'Agadir Al Massira, a 12 km du club de golf Agadir Royal et a 13 km du parc national de SousMassa.', 'Spa et centre de bienetre\r\nCentre de remise en forme\r\nFront de mer\r\nPlage privee\r\nParking gratuit\r\nChambres climatisees\r\nEquipe d\'animation', 4, 19, 230000, 186300, '2022-08-03', '2022-08-11', 'Maroc', 'Agadir', '1605212350697_promomaroc1.jpg', '9438313800992_promomaroc2.jpg', '8839582887784_promomaroc3.jpg');

-- --------------------------------------------------------

--
-- Structure de la table `reservation_offre`
--

DROP TABLE IF EXISTS `reservation_offre`;
CREATE TABLE IF NOT EXISTS `reservation_offre` (
  `id_Res_offre` int(11) NOT NULL AUTO_INCREMENT,
  `nbr_personnes` int(11) NOT NULL,
  `type_chambre` set('simple','double','triple','quadruple') NOT NULL,
  `pension` set('Complete','Demi pension','Petit dejeuner','Tout inclus') NOT NULL,
  `date_debut_res` date NOT NULL,
  `date_fin_res` date NOT NULL,
  `statut` set('en attente','confirmé') NOT NULL,
  `date_enreg_res` bigint(6) NOT NULL,
  `id_cli` int(11) NOT NULL,
  `id_hotel` int(11) DEFAULT NULL,
  `id_remise` int(11) DEFAULT NULL,
  `id_omra` int(11) DEFAULT NULL,
  PRIMARY KEY (`id_Res_offre`),
  KEY `id_cli` (`id_cli`),
  KEY `id_hotel` (`id_hotel`),
  KEY `id_remise` (`id_remise`),
  KEY `id_omra` (`id_omra`)
) ENGINE=InnoDB AUTO_INCREMENT=36 DEFAULT CHARSET=utf8;

--
-- Déchargement des données de la table `reservation_offre`
--

INSERT INTO `reservation_offre` (`id_Res_offre`, `nbr_personnes`, `type_chambre`, `pension`, `date_debut_res`, `date_fin_res`, `statut`, `date_enreg_res`, `id_cli`, `id_hotel`, `id_remise`, `id_omra`) VALUES
(27, 3, 'simple', 'Complete', '2022-07-06', '2022-07-13', 'en attente', 1656176218, 2, 44, NULL, NULL),
(30, 4, 'double', 'Complete', '2022-06-29', '2022-07-06', 'en attente', 1656243846, 51, 26, NULL, NULL),
(31, 4, 'triple', 'Demi pension', '2022-07-08', '2022-07-16', 'en attente', 1656243937, 51, 37, NULL, NULL),
(32, 3, 'double', 'Complete', '2022-10-25', '2022-11-05', 'en attente', 1656244167, 34, NULL, NULL, 4),
(33, 5, 'triple', 'Petit dejeuner', '2022-06-30', '2022-07-09', 'en attente', 1656244269, 34, 41, NULL, NULL),
(34, 4, 'double', 'Demi pension', '2022-07-06', '2022-07-15', 'en attente', 1656245974, 58, 33, NULL, NULL),
(35, 1, 'simple', 'Complete', '2022-07-19', '2022-07-23', 'en attente', 1656246049, 58, 51, NULL, NULL);

-- --------------------------------------------------------

--
-- Structure de la table `reservation_vol`
--

DROP TABLE IF EXISTS `reservation_vol`;
CREATE TABLE IF NOT EXISTS `reservation_vol` (
  `id_Res_vol` int(11) NOT NULL AUTO_INCREMENT,
  `ville_depart` varchar(50) NOT NULL,
  `destination` varchar(50) NOT NULL,
  `date_depart` date NOT NULL,
  `date_retour` date NOT NULL,
  `classe` set('Economic','Business','1st class') NOT NULL,
  `nbr_passagers` int(11) NOT NULL,
  `statut` set('en attente','confirmé') NOT NULL,
  `date_enreg_res` bigint(6) NOT NULL,
  `id_cli` int(11) NOT NULL,
  PRIMARY KEY (`id_Res_vol`),
  KEY `id_cli` (`id_cli`)
) ENGINE=InnoDB AUTO_INCREMENT=91 DEFAULT CHARSET=utf8;

--
-- Déchargement des données de la table `reservation_vol`
--

INSERT INTO `reservation_vol` (`id_Res_vol`, `ville_depart`, `destination`, `date_depart`, `date_retour`, `classe`, `nbr_passagers`, `statut`, `date_enreg_res`, `id_cli`) VALUES
(88, 'Alger', 'Madrid', '2022-06-16', '2022-06-22', 'Economic', 2, 'en attente', 1655069223, 2),
(89, 'Setif', 'Tunisie', '2022-07-07', '2022-07-16', 'Economic', 4, 'en attente', 1656244028, 51),
(90, 'Alger', 'Etats unis', '2022-07-18', '2022-07-23', '1st class', 1, 'en attente', 1656246127, 58);

--
-- Contraintes pour les tables déchargées
--

--
-- Contraintes pour la table `avis`
--
ALTER TABLE `avis`
  ADD CONSTRAINT `avis_ibfk_1` FOREIGN KEY (`id_cli`) REFERENCES `client` (`id_cli`) ON DELETE CASCADE ON UPDATE CASCADE,
  ADD CONSTRAINT `avis_ibfk_2` FOREIGN KEY (`id_hotel`) REFERENCES `hotel` (`id_hotel`) ON DELETE CASCADE ON UPDATE CASCADE;

--
-- Contraintes pour la table `compte`
--
ALTER TABLE `compte`
  ADD CONSTRAINT `ForeignKey2` FOREIGN KEY (`id_cli`) REFERENCES `client` (`id_cli`) ON DELETE CASCADE ON UPDATE CASCADE,
  ADD CONSTRAINT `compte_ibfk_1` FOREIGN KEY (`id_admin`) REFERENCES `administrateur` (`id_admin`) ON DELETE CASCADE ON UPDATE CASCADE;

--
-- Contraintes pour la table `reservation_offre`
--
ALTER TABLE `reservation_offre`
  ADD CONSTRAINT `reservation_offre_ibfk_1` FOREIGN KEY (`id_cli`) REFERENCES `client` (`id_cli`) ON DELETE CASCADE ON UPDATE CASCADE,
  ADD CONSTRAINT `reservation_offre_ibfk_2` FOREIGN KEY (`id_hotel`) REFERENCES `hotel` (`id_hotel`) ON DELETE CASCADE ON UPDATE CASCADE,
  ADD CONSTRAINT `reservation_offre_ibfk_3` FOREIGN KEY (`id_remise`) REFERENCES `remise` (`id_remise`) ON DELETE CASCADE ON UPDATE CASCADE,
  ADD CONSTRAINT `reservation_offre_ibfk_4` FOREIGN KEY (`id_omra`) REFERENCES `omra` (`id_omra`) ON DELETE CASCADE ON UPDATE CASCADE;

--
-- Contraintes pour la table `reservation_vol`
--
ALTER TABLE `reservation_vol`
  ADD CONSTRAINT `reservation_vol_ibfk_1` FOREIGN KEY (`id_cli`) REFERENCES `client` (`id_cli`) ON DELETE CASCADE ON UPDATE CASCADE;
COMMIT;

/*!40101 SET CHARACTER_SET_CLIENT=@OLD_CHARACTER_SET_CLIENT */;
/*!40101 SET CHARACTER_SET_RESULTS=@OLD_CHARACTER_SET_RESULTS */;
/*!40101 SET COLLATION_CONNECTION=@OLD_COLLATION_CONNECTION */;
